<?xml version="1.0"?>
<config>
   <sections>
        <catalog>
            <groups>
                <frontend>
                    <fields>
                        <enable translate="label">
                            <label>Enable You May Also Like Section</label>
                            <frontend_type>select</frontend_type>
                            <source_model>adminhtml/system_config_source_yesno</source_model>
                            <sort_order>1500</sort_order>
                            <show_in_default>1</show_in_default>
                            <show_in_website>1</show_in_website>
                            <show_in_store>1</show_in_store>
                        </enable>
			<enable_unbxd translate="label">
                            <label>Enable You May Also Like from Unbxd Section</label>
                            <frontend_type>select</frontend_type>
                            <source_model>adminhtml/system_config_source_yesno</source_model>
                            <sort_order>1200</sort_order>
                            <show_in_default>1</show_in_default>
                            <show_in_website>1</show_in_website>
                            <show_in_store>1</show_in_store>
                        </enable_unbxd>
                        <limit>
				<label>No. Of Products Limit</label>
			    	<frontend_type>text</frontend_type>
				<sort_order>1503</sort_order>
				<show_in_default>1</show_in_default>
				<show_in_website>1</show_in_website>
				<show_in_store>1</show_in_store>     
			</limit>
			<attr_array>
				<label>Attributes to be combined</label>
				<comment>Please enter the attribute label in capital letters and separate by comma for multiple attributes</comment>
			    	<frontend_type>text</frontend_type>
				<sort_order>1505</sort_order>
				<show_in_default>1</show_in_default>
				<show_in_website>1</show_in_website>
				<show_in_store>1</show_in_store>     
			</attr_array>
                    </fields>
                </frontend>
            </groups>
        </catalog>
   </sections>
</config>