<?xml version="1.0"?>

<config>
   <sections>
        <payment>
            <groups>
                <payucheckout_shared translate="label" module="payucheckout">
                    <label>PayuCheckout</label>
                    <frontend_type>text</frontend_type>
                    <sort_order>303</sort_order>
                    <show_in_default>1</show_in_default>
                    <show_in_website>1</show_in_website>
                    <show_in_store>0</show_in_store>
                    <fields>
                        <active translate="label">
                          <label>Enabled</label>
                          <frontend_type>select</frontend_type>
                          <source_model>adminhtml/system_config_source_yesno</source_model>
                          <sort_order>1</sort_order>
                            <show_in_default>1</show_in_default>
                            <show_in_website>1</show_in_website>
                            <show_in_store>0</show_in_store>                    
                        </active>
                        <title translate="label">
                            <label>Title</label>
                            <comment>This is what the customers will see as the name of the payment option</comment>
                            <frontend_type>text</frontend_type>
                            <sort_order>2</sort_order>
                            <show_in_default>1</show_in_default>
                            <show_in_website>1</show_in_website>
                            <show_in_store>0</show_in_store>
                        </title>
						
						<key translate="label">
                            <label>Merchant Id</label>
                            
                            <frontend_type>text</frontend_type>
                            <sort_order>3</sort_order>
                            <show_in_default>2</show_in_default>
                            <show_in_website>2</show_in_website>
                            <show_in_store>0</show_in_store>
                        </key>>
						
						<salt translate="label">
                            <label>Salt</label>
                            <comment>This is salt hash key provided by Payu</comment>
                            <frontend_type>text</frontend_type>
                            <sort_order>4</sort_order>
                            <show_in_default>3</show_in_default>
                            <show_in_website>3</show_in_website>
                            <show_in_store>0</show_in_store>
                        </salt>
                                   
                      
                        <demo_mode translate="label">
			    <label>Transaction Mode?</label>
                            <frontend_type>select</frontend_type>
                            <source_model>payucheckout/source_DemoModes</source_model>
                            <sort_order>55</sort_order>
                            <show_in_default>1</show_in_default>
                            <show_in_website>1</show_in_website>
                            <show_in_store>0</show_in_store>
			</demo_mode>
                       
                        <order_status translate="label">
                            <label>New order status</label>
                            <frontend_type>select</frontend_type>
                            <source_model>adminhtml/system_config_source_order_status</source_model>
                            <sort_order>6</sort_order>
                            
                            <show_in_default>1</show_in_default>
                            <show_in_website>1</show_in_website>
                            <show_in_store>0</show_in_store>
                        </order_status>
						
						 <debug_mode translate="label">
                            <label>Debug Mode</label>
                            <frontend_type>select</frontend_type>
                            <source_model>adminhtml/system_config_source_yesno</source_model>
                            <sort_order>10</sort_order>
                            <show_in_default>1</show_in_default>
                            <show_in_website>1</show_in_website>
                            <show_in_store>0</show_in_store>
                        </debug_mode>
                      
                                               
                   </fields>
                </payucheckout_shared>
            </groups>
        </payment>
    </sections>
</config>