<?xml version="1.0"?>
<config>
   <sections>
        <general>
            <groups>
                <country>
                    <fields>
                        <ship_to translate="label">
                            <label>Ship To Countries</label>
                            <frontend_type>multiselect</frontend_type>
                            <source_model>adminhtml/system_config_source_country</source_model>
                            <sort_order>2</sort_order>
                            <show_in_default>1</show_in_default>
                            <show_in_website>1</show_in_website>
                            <show_in_store>1</show_in_store>
                            <can_be_empty>1</can_be_empty>
                        </ship_to>
                        <restrict_billing translate="label">
                            <label>Restrict Billing Countries</label>
                            <frontend_type>multiselect</frontend_type>
                            <source_model>adminhtml/system_config_source_country</source_model>
                            <sort_order>3</sort_order>
                            <show_in_default>1</show_in_default>
                            <show_in_website>1</show_in_website>
                            <show_in_store>1</show_in_store>
                            <can_be_empty>1</can_be_empty>
                        </restrict_billing>
                        
                    </fields>
                </country>
            </groups>
        </general>
   </sections>
</config>