<?xml version="1.0"?>
<!--
/**
 * GoMage Social Connector Extension
 *
 * @category     Extension
 * @copyright    Copyright (c) 2013 GoMage (http://www.gomage.com)
 * @author       GoMage
 * @license      http://www.gomage.com/license-agreement/  Single domain license
 * @terms of use http://www.gomage.com/terms-of-use
 * @version      Release: 1.1.0
 * @since        Class available since Release 1.0.0
 */ 
 -->
<config>
	<acl>
		<resources>
			<admin>
				<children>
					<system>
						<children>
							<config>
								<children>
									<gomage_social>
										<title>GoMage Social Connector</title>
									</gomage_social>
								</children>
							</config>
						</children>
					</system>
				</children>
			</admin>
		</resources>
	</acl>
    <acl>
        <resources>
            <admin>
                <children>
                    <system>
                        <children>
                            <config>
                                <children>
                                    <gomage_notification>
                                        <title>GoMage - Notifications</title>
                                    </gomage_notification>
                                </children>
                            </config>
                        </children>
                    </system>
                </children>
            </admin>
        </resources>
    </acl>
</config>
